YEAR,WEEK,how to stop a cough,flu,home remedies for flu,flu symptoms,flu outbreak,cold vs flu,body aches no fever,sore throat and fever,where to get a flu shot,flu test near me,best flu medicine,TOTAL SPECIMENS,A (H3),A (2009 H1N1),A (Subtyping not Performed),B,H3N2v,BVic,BYam,A (H5),TOTAL,PERCENT POSITIVE
2020,7,57,28,86,53,8,41,25,42,7,7,51,5035,65,2052,129,280,0,744,10,0,3280,0.6514399205561072
2020,8,48,46,79,56,24,40,27,42,24,7,57,4344,76,1752,119,169,0,564,9,0,2689,0.6190147329650092
2020,9,50,57,79,67,35,49,31,48,32,7,51,3972,63,1667,50,141,0,454,8,0,2383,0.5999496475327291
2020,10,55,100,76,100,93,100,50,74,28,12,62,4156,73,1612,65,132,0,352,8,0,2242,0.539461020211742
2020,11,55,90,53,84,100,99,60,100,13,14,31,3615,74,1138,52,93,0,197,3,0,1557,0.4307053941908714
2020,12,46,66,52,46,44,40,50,71,0,7,18,2865,30,444,23,50,0,77,1,0,625,0.2181500872600349
2020,13,26,54,39,25,32,24,41,53,0,4,11,2150,7,100,8,34,0,20,2,0,171,0.0795348837209302
2020,14,24,40,30,18,25,15,39,40,0,0,7,1479,1,37,4,7,0,5,0,0,54,0.0365111561866125
2020,15,17,29,21,10,16,9,24,26,0,2,6,1024,0,28,3,4,0,0,0,0,35,0.0341796875
2020,16,14,29,10,9,12,6,20,21,0,3,3,887,0,19,0,3,0,2,0,0,24,0.0270574971815107
2020,17,16,23,12,8,10,5,14,22,0,2,5,826,0,26,0,4,0,0,0,0,30,0.036319612590799
2020,18,11,19,10,7,9,4,15,20,0,0,3,750,0,23,1,2,0,1,0,0,27,0.036
2020,19,14,19,12,7,9,4,13,22,0,2,0,661,1,26,0,2,0,0,0,0,29,0.0438729198184568
2020,20,12,16,0,6,7,4,12,17,0,0,4,688,0,24,0,3,0,0,0,0,27,0.0392441860465116
2020,21,9,15,10,6,5,3,10,18,0,0,3,555,0,0,1,0,0,0,0,0,1,0.0018018018018018
2020,22,8,6,0,5,3,3,11,16,0,0,3,533,0,2,1,1,0,0,0,0,4,0.0075046904315197
2020,23,8,7,0,5,3,4,12,17,0,2,5,362,0,0,0,2,0,0,0,0,2,0.005524861878453
2020,24,8,9,0,6,2,4,16,19,0,0,3,351,0,1,1,3,0,1,0,0,6,0.017094017094017
2020,25,7,12,0,7,3,5,28,23,0,4,5,401,0,0,0,0,0,0,0,0,0,0.0
2020,26,12,18,0,7,9,6,32,25,0,4,4,215,0,0,3,0,0,0,0,0,3,0.013953488372093
2020,27,15,13,13,7,5,6,27,25,0,3,5,201,0,0,0,0,1,0,0,0,1,0.0049751243781094
2020,28,18,15,10,7,5,4,24,28,0,4,4,265,0,0,1,1,0,0,0,0,2,0.0075471698113207
2020,29,11,14,0,6,5,5,18,30,0,4,5,258,0,0,0,0,0,0,0,0,0,0.0
2020,30,17,13,0,5,4,4,14,24,0,4,3,260,0,0,2,0,0,0,0,0,2,0.0076923076923076
2020,31,15,12,0,5,4,5,16,24,0,3,5,209,0,0,0,0,0,0,0,0,0,0.0
2020,32,8,12,0,5,3,4,12,21,10,3,6,186,0,0,0,0,0,0,0,0,0,0.0
2020,33,17,13,0,5,4,5,14,19,27,4,4,133,0,0,0,1,0,0,0,0,1,0.0075187969924812
2020,34,13,12,0,5,3,4,11,25,23,0,5,221,0,0,0,0,0,0,0,0,0,0.0
2020,35,13,14,0,6,3,5,19,23,38,5,5,2357,0,0,0,0,0,0,0,0,0,0.0
2020,36,13,18,9,7,3,6,21,23,59,5,9,2577,0,0,2,1,0,0,0,0,3,0.0011641443538998
2020,37,14,19,9,8,3,7,18,19,75,4,7,159,1,0,0,0,0,0,0,0,1,0.0062893081761006
2020,38,16,23,11,8,3,11,21,22,83,7,9,217,0,0,1,0,0,0,0,0,1,0.0046082949308755
2020,39,13,24,10,10,3,10,25,21,66,8,8,2801,0,0,1,0,0,0,0,0,1,0.0003570153516601
2020,40,17,29,0,12,5,12,25,24,100,8,11,11625,0,0,3,2,0,0,0,0,5,0.0004301075268817
2020,41,14,23,0,11,4,10,21,22,84,7,9,12238,2,3,3,5,0,1,0,0,14,0.0011439777741461
2020,42,16,23,11,11,3,12,28,22,78,7,9,11400,1,0,4,5,0,0,0,0,10,0.0008771929824561
2020,43,19,21,14,13,3,12,30,21,76,12,14,15744,1,1,11,4,0,0,0,0,17,0.0010797764227642
2020,44,19,13,13,9,2,11,23,19,41,11,11,20424,1,0,7,13,0,1,2,0,24,0.0011750881316098
2020,45,20,16,13,12,3,12,41,23,43,10,12,26500,1,0,6,9,0,0,0,0,16,0.0006037735849056
2020,46,23,20,22,13,3,17,37,27,46,18,13,25765,4,3,6,5,0,0,1,0,19,0.0007374345041723
2020,47,20,14,0,10,3,15,33,22,22,14,14,19256,3,0,0,2,0,0,2,0,7,0.0003635230577482
2020,48,19,15,17,12,2,23,38,18,26,13,10,11230,0,2,6,2,0,1,0,0,11,0.0009795191451469
2020,49,21,15,0,12,2,21,35,19,16,10,10,17684,0,0,5,4,0,2,3,0,14,0.000791676091382
2020,50,14,15,15,11,3,19,36,18,12,12,13,16500,3,3,8,1,0,2,0,0,17,0.001030303030303
2020,51,22,12,0,11,2,18,41,18,0,15,13,15179,0,0,5,4,0,0,0,0,9,0.0005929244350747
2020,52,18,13,34,12,3,16,46,21,10,10,14,12475,0,0,2,2,0,0,0,0,4,0.0003206412825651
2021,1,16,10,0,9,3,11,33,17,11,7,9,17564,2,0,6,3,0,1,0,0,12,0.0006832156684126
2021,2,14,10,0,9,3,11,30,15,8,8,7,15700,1,0,4,3,1,1,0,0,10,0.0006369426751592
2021,3,20,9,18,8,3,9,24,16,8,7,9,13900,1,0,2,1,0,0,0,0,4,0.0002877697841726
2021,4,21,8,0,8,3,7,26,16,0,7,8,13218,0,1,2,1,0,0,0,0,4,0.0003026176426085
2021,5,18,7,0,7,1,7,25,19,0,3,9,16294,0,0,4,3,0,0,0,0,7,0.0004296059899349
2021,6,16,6,12,6,2,7,20,15,0,4,9,17146,0,0,2,1,0,1,0,0,4,0.0002332905633967
2021,7,16,8,0,7,2,5,18,14,0,4,5,13415,0,0,3,1,0,0,1,0,5,0.0003727171077152
2021,8,18,7,0,6,2,5,22,16,0,4,7,16609,1,1,1,5,0,0,0,0,8,0.0004816665663194
2021,9,16,7,0,6,2,4,23,18,0,4,6,14811,0,0,2,0,0,0,0,0,2,0.0001350347714536
2021,10,15,6,12,6,2,5,20,15,0,4,8,16938,0,1,1,1,0,1,0,0,4,0.0002361553902467
2021,11,20,6,0,6,2,5,24,17,0,5,7,14622,1,0,4,2,0,0,0,0,7,0.0004787306797975
2021,12,25,6,0,7,1,6,23,19,8,4,9,14940,0,0,1,0,0,0,0,0,1,6.693440428380188e-05
2021,13,20,6,0,7,2,6,26,19,0,0,8,13875,0,0,5,1,0,0,0,0,6,0.0004324324324324
2021,14,26,7,14,7,2,7,25,17,0,6,11,14151,0,1,0,0,0,0,0,0,1,7.066638400113066e-05
2021,15,24,6,13,7,3,7,22,22,0,4,9,15543,1,1,3,2,0,0,0,0,7,0.0004503635076883
2021,16,31,6,0,6,3,5,25,23,0,2,10,12397,0,0,0,1,0,0,0,0,1,8.066467693796887e-05
2021,17,28,5,0,6,2,5,23,21,0,3,9,12801,0,0,1,0,0,0,0,0,1,7.81188969611749e-05
2021,18,28,6,0,6,2,5,22,22,0,4,11,10803,0,0,0,0,0,1,0,0,1,9.256687957048968e-05
2021,19,28,5,0,6,2,6,19,19,0,4,8,9396,0,0,0,0,0,0,0,0,0,0.0
2021,20,34,4,0,5,2,4,16,21,0,6,7,10065,0,0,1,0,0,5,0,0,6,0.0005961251862891
2021,21,29,10,13,7,5,6,18,21,0,4,8,8870,0,0,0,0,0,0,0,0,0,0.0
2021,22,31,4,18,5,2,5,16,24,0,4,8,6798,0,1,2,1,0,0,0,0,4,0.0005884083553986
2021,23,24,4,0,5,1,5,17,22,0,0,5,5627,0,0,2,0,0,0,0,0,2,0.0003554291807357
2021,24,31,4,0,5,1,5,18,21,0,3,8,5571,1,0,0,0,0,0,0,0,1,0.0001795009872554
2021,25,41,3,0,5,1,5,17,23,0,3,9,6290,0,1,0,0,0,1,0,0,2,0.0003179650238473
2021,26,30,4,12,5,1,7,23,28,0,4,8,7281,0,0,1,0,0,0,0,0,1,0.0001373437714599
2021,27,27,4,12,6,1,5,21,27,0,5,8,6687,1,1,2,1,0,0,0,0,5,0.0007477194556602
2021,28,32,5,12,6,2,6,27,28,0,6,10,8934,3,0,3,1,0,1,0,0,8,0.0008954555630176
2021,29,32,7,0,7,2,8,33,30,0,6,12,8550,2,0,0,0,0,0,0,0,2,0.0002339181286549
2021,30,37,8,12,8,3,7,32,31,0,7,14,9265,1,1,1,0,0,0,0,0,3,0.0003237992444684
2021,31,40,9,0,8,3,7,26,28,0,8,12,13519,2,0,3,0,0,0,0,0,5,0.0003698498409645
2021,32,37,9,12,8,3,7,34,33,0,9,12,16102,1,0,2,0,1,0,0,0,4,0.0002484163457955
2021,33,32,10,13,8,2,7,35,34,0,12,12,21728,3,0,2,1,0,0,0,0,6,0.0002761413843888
2021,34,40,9,16,8,2,9,28,32,0,11,10,24120,0,1,5,3,0,0,0,0,9,0.0003731343283582
2021,35,44,12,0,9,2,7,32,31,17,13,12,24979,0,1,2,1,0,1,0,0,5,0.0002001681412386
2021,36,43,13,12,10,3,9,32,32,18,13,11,20964,0,0,6,1,0,0,0,0,7,0.0003339057431787
2021,37,41,16,15,10,2,10,24,30,35,13,13,21209,6,1,3,0,0,4,0,0,14,0.0006600971285774
2021,38,38,18,17,10,2,9,24,30,41,13,12,19881,22,3,6,0,0,0,0,0,31,0.0015592777023288
2021,39,48,19,17,11,2,11,27,29,44,13,15,18072,38,0,2,1,0,1,1,0,43,0.0023793714032757
2021,40,54,18,0,11,2,11,29,32,47,11,14,19717,86,1,5,4,0,3,0,0,99,0.0050210478267484
2021,41,49,16,13,11,2,12,29,31,44,12,16,19250,93,0,2,8,1,2,0,0,106,0.0055064935064935
2021,42,52,16,14,11,2,13,30,31,41,13,15,24794,52,0,3,4,0,3,0,0,62,0.002500604985077
2021,43,49,15,13,13,2,13,29,31,28,21,20,24959,50,0,7,3,0,8,0,0,68,0.0027244681277294
2021,44,59,14,17,14,2,16,31,32,37,15,20,24215,183,0,11,1,0,4,0,0,199,0.0082180466652901
2021,45,54,15,16,15,10,18,31,32,42,25,25,23094,213,0,48,3,0,1,0,0,265,0.0114748419502901
2021,46,61,12,15,14,4,15,36,32,25,23,28,23971,452,2,77,5,0,4,1,0,541,0.0225689374661048
2021,47,58,14,26,18,3,19,41,29,35,33,29,16622,526,1,60,4,0,2,0,0,593,0.0356756106365058
2021,48,55,14,0,17,2,17,35,32,20,34,27,25542,836,1,136,4,0,3,0,0,980,0.0383681779030616
2021,49,59,15,29,23,2,22,46,39,22,47,33,29962,952,0,241,1,0,2,0,0,1196,0.0399172284894199
2021,50,76,19,34,32,3,30,69,51,17,75,41,32805,1097,0,316,4,0,0,0,0,1417,0.0431946349641822
2021,51,85,23,52,42,65,33,100,60,16,100,57,33188,1022,0,287,3,0,0,0,0,1312,0.0395323610943714
2022,52,95,22,47,40,5,36,82,53,23,75,56,8105,850,443,263,0,0,7,0,0,1563,0.1928439235040098
2022,1,78,16,35,29,3,22,71,43,13,50,41,66341,814,0,344,8,0,0,0,0,1166,0.0175758580666556
2022,2,59,10,21,20,2,14,48,36,0,27,25,66684,635,0,393,2,0,0,0,0,1030,0.0154459840441485
2022,3,44,8,17,12,2,10,35,29,0,21,17,49917,529,0,202,1,0,0,0,0,732,0.014664342809063
2022,4,36,7,18,11,2,6,28,23,0,10,15,40883,403,0,189,5,0,2,0,0,599,0.0146515666658513
2022,5,30,7,12,9,2,6,28,24,0,8,15,27696,387,0,121,3,0,1,0,0,512,0.0184864240323512
2022,6,22,7,18,10,15,6,23,22,0,8,12,26692,488,0,147,2,0,0,0,0,637,0.0238648284130076
2022,7,28,7,16,10,34,6,23,22,0,9,15,22867,408,1,162,1,0,1,0,0,573,0.0250579437617527
2022,8,31,7,12,10,2,6,25,25,0,11,15,18155,371,0,128,2,0,0,0,0,501,0.0275957036629027
2022,9,36,7,14,11,2,8,22,23,0,10,13,17681,476,1,135,2,0,1,0,0,615,0.0347831005033651
2022,10,32,8,20,12,3,8,23,26,0,10,17,15973,489,0,109,0,0,1,0,0,599,0.0375007825705878
2022,11,40,8,24,13,4,8,22,28,0,11,17,13891,474,3,131,0,0,0,0,0,608,0.0437693470592469
2022,12,40,8,11,13,5,9,22,28,0,12,20,14380,603,0,98,1,0,0,0,0,702,0.048817802503477
2022,13,44,9,25,14,24,7,27,27,0,10,19,13833,666,0,114,1,0,1,0,0,782,0.0565314826863297
2022,14,48,9,27,14,6,9,28,28,0,11,20,13517,615,0,96,1,0,1,0,0,713,0.0527483909151438
2022,15,43,9,14,14,7,10,28,30,6,11,18,13937,689,0,119,4,0,0,0,0,812,0.0582621798091411
2022,16,49,9,14,12,6,9,23,29,0,13,18,14154,703,3,125,3,0,0,0,0,834,0.0589232725731242
2022,17,52,8,22,13,5,9,23,27,0,13,14,14784,696,3,99,1,0,0,0,0,799,0.0540449134199134
2022,18,57,8,16,13,3,9,28,35,0,13,20,15465,741,3,92,1,0,0,0,0,837,0.0541222114451988
2022,19,66,8,19,12,4,8,32,35,0,11,17,15407,647,1,170,3,0,0,0,0,821,0.0532874667358992
2022,20,63,7,17,12,3,8,33,37,0,14,16,15694,623,4,149,1,0,0,0,0,777,0.0495093666369313
2022,21,61,6,19,11,2,8,35,35,0,9,18,15103,512,1,114,1,0,0,0,0,628,0.0415811428193074
2022,22,47,6,18,11,2,5,29,33,0,11,17,14157,472,1,101,1,0,0,0,0,575,0.0406159497068588
2022,23,47,5,10,9,2,6,29,36,0,10,16,15100,349,0,75,2,0,0,0,0,426,0.0282119205298013
2022,24,43,5,0,9,2,6,34,32,0,7,17,15901,307,0,46,3,0,0,0,0,356,0.0223885290233318
2022,25,35,5,0,8,2,6,32,31,0,7,13,17089,168,0,29,1,0,0,0,0,198,0.0115864006085786
2022,26,29,6,0,8,2,6,34,42,0,6,13,19211,76,1,25,1,0,0,0,0,103,0.0053615116339597
2022,27,38,4,0,8,1,5,32,35,0,4,11,18863,85,0,12,1,0,0,0,0,98,0.0051953559879128
2022,28,37,4,0,8,1,4,31,37,0,8,13,20102,115,0,11,1,0,0,0,0,127,0.0063177793254402
2022,29,30,4,0,7,1,5,33,33,0,6,12,21097,42,1,9,4,0,0,0,0,56,0.0026544058396928
2022,30,25,4,12,7,2,5,35,33,0,5,13,21459,31,0,15,3,0,0,0,0,49,0.0022834242042965
2022,31,21,4,10,7,1,4,31,33,0,5,10,18775,40,2,16,2,3,0,0,0,63,0.0033555259653794
2022,32,33,5,0,7,1,6,29,34,0,8,10,15390,84,1,7,2,0,0,0,0,94,0.0061078622482131
2022,33,28,6,12,9,17,5,33,36,0,5,14,20736,67,6,7,1,0,1,0,0,82,0.0039544753086419
2022,34,46,6,0,8,2,6,24,34,0,6,12,18609,77,11,7,0,0,2,0,0,97,0.0052125315707453
2022,35,46,8,10,9,2,7,26,38,9,9,15,16469,71,8,8,3,0,1,0,0,91,0.0055255328192361
2022,36,55,10,13,10,1,8,27,33,12,8,19,11581,72,8,11,0,1,0,0,0,92,0.0079440462827044
2022,37,52,12,19,10,2,9,27,35,29,9,15,11629,68,5,8,5,0,0,0,0,86,0.0073953048413449
2022,38,51,13,11,12,2,9,28,28,24,10,19,11300,110,17,10,7,0,3,0,0,147,0.0130088495575221
2022,39,53,16,14,13,2,12,28,38,34,11,21,9961,112,25,18,3,0,1,0,0,159,0.0159622527858648
2022,40,55,20,21,18,15,12,30,37,46,17,25,9129,239,39,19,3,0,5,0,0,305,0.0334100120495125
2022,41,65,20,19,23,4,15,32,42,35,21,29,8523,364,66,23,3,0,5,0,0,461,0.0540889358207204
2022,42,75,25,44,33,13,16,30,40,65,28,40,9405,449,114,33,4,1,6,0,0,607,0.0645401382243487
2022,43,77,26,48,42,4,20,39,43,46,40,59,9449,706,230,51,2,0,3,0,0,992,0.1049846544607895
2022,44,75,24,44,41,4,21,39,42,35,35,58,10311,917,316,175,4,0,5,0,0,1417,0.1374260498496751
2022,45,72,26,50,43,4,27,44,47,30,41,54,9508,1195,323,192,1,0,2,0,0,1713,0.1801640723601178
2022,46,95,29,73,56,3,34,60,51,21,50,79,11458,1557,443,339,4,0,2,0,0,2345,0.2046604992145226
2022,47,87,30,100,58,6,34,59,49,28,53,80,9795,1844,461,365,1,0,2,0,0,2673,0.2728943338437978
2022,48,75,30,79,55,8,32,50,47,28,58,77,12408,2086,646,661,1,0,3,0,0,3397,0.2737749838813668
2022,49,79,28,73,57,5,32,53,52,24,56,81,11813,2013,548,585,2,0,4,0,0,3152,0.266824684669432
2022,50,81,25,64,49,2,33,53,47,12,63,74,11451,1729,535,549,1,0,4,0,0,2818,0.2460920443629377
2022,51,76,21,71,43,3,31,55,47,11,45,66,9465,1199,456,480,3,0,6,0,0,2144,0.2265187533016376
2023,52,68,14,45,28,2,19,46,39,12,30,47,4499,303,1229,249,21,0,245,0,0,2047,0.4549899977772838
2023,1,50,11,28,20,6,16,40,36,0,18,27,8704,822,398,227,2,0,12,0,0,1461,0.1678538602941176
2023,2,45,10,15,17,6,12,44,34,0,17,27,8314,527,223,96,1,0,13,0,0,860,0.1034399807553524
2023,3,43,9,18,14,3,13,37,36,0,15,25,7494,324,210,66,4,0,12,0,0,616,0.0821990926074192
2023,4,47,8,14,14,3,13,33,38,0,11,27,6773,165,123,40,0,0,10,0,0,338,0.0499040307101727
2023,5,52,9,18,14,3,12,38,45,7,12,26,6156,118,121,24,2,0,18,0,0,283,0.0459714100064977
2023,6,56,8,15,13,4,12,36,39,0,10,22,7288,115,131,26,6,0,21,0,0,299,0.04102634467618
2023,7,56,8,18,13,3,13,35,36,0,11,21,7334,69,85,18,3,0,26,0,0,201,0.0274065994000545
2023,8,54,8,16,12,3,8,38,40,0,8,23,6673,60,61,17,4,0,14,0,0,156,0.0233777910984564
2023,9,49,7,23,11,3,9,33,40,0,8,20,7123,53,75,13,8,0,28,0,0,177,0.0248490804436333
2023,10,61,7,19,11,2,9,41,39,0,8,22,6906,44,75,15,10,0,21,0,0,165,0.023892267593397
2023,11,47,7,9,11,3,10,40,41,0,8,22,6185,28,59,8,9,0,25,0,0,129,0.0208569118835893
2023,12,54,6,10,10,3,9,34,37,0,7,15,6178,38,60,11,15,0,34,0,0,158,0.0255746196179993
2023,13,46,5,13,9,2,8,30,38,0,5,13,5096,17,57,16,10,0,41,0,0,141,0.0276687598116169
2023,14,47,5,11,9,2,6,32,39,0,6,17,5036,19,65,11,14,0,37,0,0,146,0.0289912629070691
2023,15,45,5,0,8,2,7,32,33,0,3,13,4982,6,47,9,11,0,38,0,0,111,0.0222802087515054
2023,16,43,5,0,10,3,6,28,38,0,5,13,4133,12,33,2,17,0,46,0,0,110,0.0266150496007742
2023,17,42,5,0,7,3,6,29,34,0,4,14,4106,18,43,2,12,0,50,0,0,125,0.0304432537749634
2023,18,42,5,0,8,2,6,27,37,0,4,13,3965,9,41,2,11,0,54,0,0,117,0.0295081967213114
2023,19,50,4,19,7,2,6,29,37,0,2,12,3630,4,50,2,9,0,68,0,0,133,0.0366391184573002
2023,20,41,4,13,7,2,5,25,35,13,4,12,3252,10,46,3,10,0,61,0,0,130,0.0399753997539975
2023,21,48,4,0,7,1,5,23,39,0,3,11,2971,3,43,5,15,0,44,0,0,110,0.0370245708515651
2023,22,30,4,0,6,1,6,23,34,0,3,13,2480,1,57,5,11,0,39,0,0,113,0.0455645161290322
2023,23,38,4,16,6,2,4,29,34,0,3,9,2696,5,67,3,13,0,58,0,0,146,0.0541543026706231
2023,24,31,3,0,6,2,6,29,33,0,3,9,2280,3,62,7,8,0,42,0,0,122,0.0535087719298245
2023,25,29,3,0,6,1,4,27,31,0,3,8,2351,5,68,4,6,0,36,0,0,119,0.0506167588260314
2023,26,25,3,0,5,1,4,25,31,0,0,9,2417,17,64,5,3,0,54,0,0,143,0.0591642532064542
2023,27,26,3,0,5,1,4,26,26,0,3,10,1828,1,61,4,4,0,33,0,0,103,0.0563457330415754
2023,28,23,3,0,5,1,4,31,29,0,0,9,2174,4,59,6,1,0,27,0,0,97,0.0446182152713891
2023,29,26,3,0,6,1,4,29,29,0,3,8,2112,7,67,1,2,1,16,0,0,94,0.0445075757575757
2023,30,28,4,0,5,1,5,29,29,0,0,9,1672,5,48,1,1,0,29,0,0,84,0.0502392344497607
2023,31,26,4,0,6,1,6,27,30,0,5,10,1476,6,74,6,1,0,25,0,0,112,0.075880758807588
2023,32,24,5,0,6,1,5,28,30,0,5,11,1963,5,45,8,3,0,32,0,0,93,0.0473764645950076
2023,33,29,5,0,8,1,6,30,28,0,5,17,1878,13,54,6,1,0,21,0,0,95,0.0505857294994675
2023,34,42,7,0,8,2,8,39,30,10,7,16,1946,11,59,4,9,0,24,0,0,107,0.0549845837615621
2023,35,38,8,0,9,1,9,35,36,8,9,22,2046,10,58,9,3,0,12,0,0,92,0.0449657869012707
2023,36,41,10,17,10,1,11,36,32,14,8,18,2401,8,65,19,6,0,22,0,0,120,0.0499791753436068
2023,37,49,12,16,11,1,11,29,35,21,9,21,3316,15,59,8,1,0,22,0,0,105,0.0316646562123039
2023,38,45,13,0,11,2,12,35,35,27,12,21,3221,10,91,6,1,0,35,0,0,143,0.0443961502638932
2023,39,39,13,14,12,1,12,30,32,23,11,20,3115,10,122,7,6,0,24,0,0,169,0.0542536115569823
2023,40,50,14,0,13,2,14,31,32,26,10,22,3064,16,176,10,3,0,48,0,0,253,0.0825718015665796
2023,41,49,13,0,13,2,13,39,34,25,8,26,3067,22,213,12,5,0,68,0,0,320,0.104336485164656
2023,42,61,13,0,14,2,12,34,35,19,10,26,3416,26,276,34,12,0,73,0,0,421,0.1232435597189695
2023,43,59,13,16,14,2,14,35,32,28,9,27,2934,36,240,48,14,0,68,0,0,406,0.1383776414451261
2023,44,61,13,18,17,1,14,39,40,23,12,32,3172,41,292,63,13,0,90,0,0,499,0.1573139974779319
2023,45,62,13,18,18,2,17,42,38,21,16,34,3303,62,483,111,29,0,135,0,0,820,0.2482591583409022
2023,46,63,12,20,18,4,14,42,35,18,13,36,3897,103,489,149,43,0,143,0,0,927,0.2378752886836027
2023,47,60,14,22,23,5,21,46,42,15,13,38,3032,124,583,141,27,0,141,0,0,1016,0.3350923482849604
2023,48,72,14,39,26,4,19,50,44,12,14,43,4221,176,711,174,24,0,219,0,0,1304,0.3089315328121298
2023,49,81,17,43,33,3,23,62,46,10,23,52,4519,272,972,245,52,0,262,0,0,1803,0.3989820756804603
2023,50,81,23,67,42,2,27,63,49,13,31,72,5001,288,1017,400,82,0,303,0,0,2090,0.4179164167166567
2023,51,92,23,74,45,2,30,71,54,9,35,83,5079,330,1242,277,39,0,286,0,0,2174,0.4280370151604646
2023,52,84,19,44,38,3,27,60,44,8,29,63,4499,303,1229,249,21,0,245,0,0,2047,0.4549899977772838
2024,1,55,16,39,30,3,22,51,41,0,16,47,4878,338,1134,231,59,0,317,0,0,2079,0.4261992619926199
2024,2,55,13,33,24,2,20,35,37,0,21,40,5104,346,945,242,60,0,258,0,0,1851,0.3626567398119122
2024,3,51,14,37,26,2,16,45,41,0,19,44,3798,302,794,163,46,0,209,0,0,1514,0.3986308583464981
2024,4,49,14,39,26,2,15,39,38,0,19,38,4305,393,765,190,57,0,290,0,0,1695,0.3937282229965156
2024,5,51,13,38,25,2,14,41,41,0,18,45,4136,394,692,138,58,0,387,0,0,1669,0.4035299806576402
2024,6,52,13,34,25,3,15,43,42,0,18,35,4024,434,607,172,61,0,433,0,0,1707,0.4242047713717694
2024,7,50,13,14,24,3,15,35,42,0,17,43,4208,438,518,150,57,0,441,0,0,1604,0.3811787072243346
2024,8,57,12,31,21,3,14,37,40,0,14,34,4023,442,488,172,63,0,483,0,0,1648,0.4096445438727318
2024,9,51,10,29,18,2,11,36,33,0,9,31,4066,397,475,139,49,0,447,0,0,1507,0.3706345302508608
2024,10,44,9,24,14,2,10,37,35,0,10,28,3764,419,371,122,39,0,472,0,0,1423,0.3780552603613177
2024,11,43,8,20,14,2,10,32,36,0,8,27,3192,351,287,95,33,0,397,0,0,1163,0.3643483709273183
2024,12,47,8,11,13,2,9,36,37,0,7,21,2888,322,249,82,34,0,316,0,0,1003,0.3472991689750692
2024,13,45,10,16,14,4,10,33,36,0,7,18,2808,284,220,65,30,0,266,0,0,865,0.308048433048433
2024,14,42,7,13,11,3,7,32,32,0,3,15,2082,295,180,43,31,0,253,0,0,802,0.3852065321805956
2024,15,40,7,11,10,3,6,34,36,0,4,16,1895,271,181,37,15,0,252,0,0,756,0.3989445910290237
2024,16,46,8,0,11,3,8,34,33,0,6,19,1663,219,132,36,19,0,177,0,0,583,0.3505712567648827
2024,17,44,7,0,10,4,6,30,31,0,5,13,1484,150,100,27,18,0,134,0,0,429,0.2890835579514825
2024,18,36,6,0,9,3,6,27,35,0,4,17,1271,139,104,19,15,0,97,0,0,374,0.2942564909520063
2024,19,41,6,0,9,3,6,26,33,0,3,13,1272,104,64,16,15,0,84,0,0,283,0.2224842767295597
2024,20,43,6,0,9,5,6,32,33,0,4,12,1034,88,54,15,2,0,47,0,0,206,0.1992263056092843
2024,21,40,5,12,9,3,6,30,31,9,3,14,1096,118,53,13,2,0,36,0,1,223,0.2034671532846715
2024,22,39,6,0,8,2,5,35,35,0,4,12,1137,104,59,11,6,0,57,0,0,237,0.20844327176781
2024,23,32,5,0,8,2,6,30,32,0,0,13,1125,128,63,7,3,0,48,0,0,249,0.2213333333333333
2024,24,28,5,0,8,3,4,28,29,0,3,9,1287,128,84,11,2,0,46,0,0,271,0.2105672105672105
2024,25,22,4,0,7,2,5,26,28,0,4,11,1175,125,76,16,5,0,29,0,0,251,0.2136170212765957
2024,26,27,4,0,7,2,4,24,29,0,3,10,1622,162,90,14,1,0,30,0,0,297,0.1831072749691738
2024,27,23,4,0,7,2,5,26,27,0,5,13,1280,149,72,22,1,0,12,0,0,256,0.2
2024,28,26,5,0,7,29,4,32,25,0,5,9,1639,137,88,17,1,1,10,0,8,262,0.1598535692495424
2024,29,26,4,12,7,2,6,31,26,0,4,10,1454,97,61,13,1,0,9,0,2,183,0.1258596973865199
2024,30,26,4,0,7,3,6,31,29,0,4,14,1446,111,53,6,0,0,12,0,1,183,0.1265560165975103
2024,31,19,5,0,7,1,6,25,23,0,4,10,1400,93,75,8,1,0,3,0,0,180,0.1285714285714285
2024,32,23,5,0,7,2,5,30,29,9,7,15,1486,103,89,9,0,0,5,0,0,206,0.1386271870794078
2024,33,26,6,0,8,3,7,28,34,0,5,16,1510,81,80,3,0,0,2,0,0,166,0.109933774834437
2024,34,27,7,0,8,2,7,31,35,8,5,13,1460,73,64,7,0,0,5,0,1,150,0.1027397260273972
2024,35,36,8,16,9,2,7,26,31,10,7,15,1328,110,70,4,0,0,4,0,0,188,0.1415662650602409
2024,36,31,10,0,11,2,8,26,33,12,6,21,1378,72,72,6,0,2,4,0,0,156,0.1132075471698113
2024,37,35,10,0,10,2,9,27,32,15,6,18,1489,75,85,6,1,0,5,0,0,172,0.1155137676292814
2024,38,34,11,0,11,2,10,22,30,21,6,24,1513,94,109,16,0,0,3,0,0,222,0.1467283542630535
2024,39,39,12,0,11,2,10,26,29,18,7,17,1345,96,104,14,1,0,7,0,0,222,0.1650557620817843
2024,40,43,12,12,10,1,9,25,26,23,7,20,1451,92,97,27,0,0,4,0,4,224,0.1543762922122674
2024,41,43,12,0,12,2,9,31,29,16,7,20,1404,86,72,31,0,0,5,0,16,210,0.1495726495726495
2024,42,53,12,0,12,2,12,29,29,17,8,17,1366,84,100,20,0,0,17,0,13,234,0.171303074670571
2024,43,61,12,13,12,2,10,32,32,28,8,22,1913,125,153,21,4,0,11,0,10,324,0.1693674856246733
2024,44,53,10,10,11,1,11,27,30,17,5,23,1686,185,170,33,7,0,18,0,4,417,0.2473309608540925
2024,45,52,12,16,14,4,12,33,35,23,8,25,1784,235,203,42,9,0,16,0,5,510,0.2858744394618834
2024,46,56,11,15,14,3,13,35,33,19,8,25,1771,296,208,73,14,0,21,0,5,617,0.3483907396950875
2024,47,58,11,18,14,2,11,32,39,15,6,33,2252,368,323,82,27,0,35,0,4,839,0.3725577264653641
2024,48,55,12,25,16,3,16,32,39,13,8,37,1942,454,358,78,18,0,18,0,7,933,0.48043254376931
2024,49,57,13,35,19,4,15,35,33,0,6,30,2907,753,581,152,26,0,38,0,3,1553,0.5342277261781906
2024,50,79,22,36,40,17,19,43,41,13,12,54,3857,1108,942,265,34,0,52,0,5,2406,0.6238008815141302
2024,51,100,28,59,50,8,27,57,56,0,17,79,5039,1719,1340,352,29,0,37,0,1,3478,0.6902163127604684
2024,52,80,32,59,54,13,26,55,46,9,21,73,5490,1895,1679,547,38,0,32,0,0,4191,0.7633879781420765
2025,1,68,26,34,41,17,21,42,38,8,19,54,6487,2338,2019,490,53,0,38,0,0,4938,0.761214737166641
2025,2,55,23,47,39,7,19,50,40,14,20,59,6202,2171,1701,420,49,0,33,0,1,4375,0.7054176072234764
2025,3,55,27,64,47,8,24,50,42,0,22,68,7244,2321,2163,671,57,0,60,0,0,5272,0.7277747101049145
2025,4,65,41,76,69,37,28,62,50,15,36,87,7972,2549,2742,906,75,0,40,0,0,6312,0.7917711991971902
2025,5,71,43,75,74,21,28,58,51,11,41,100,9978,3000,3477,1245,119,0,94,0,0,7935,0.7952495490078172
2025,6,63,40,67,67,20,29,49,45,11,35,86,8281,2170,2819,1310,138,0,42,0,1,6480,0.7825141891075957
2025,7,55,32,52,53,14,23,43,40,9,25,68,3519,673,1115,595,94,0,9,0,0,2486,0.7064506962205171
